{
  "data": [
    {
      "id": "1",
      "to": "Pavan",
      "from": "Kiran",
      "subject": "AngularAssign",
      "readStatus": "unread",
      "starred": "starred",
      "importantTag": "important",
      "content": "AngularJS Class",
      "time": "Aug 30",
      "deletedStatus": "not deleted"
    },
    {
      "id": "2",
      "to": "Madhu",
      "from": "Kiran",
      "subject": "AngularProject",
      "readStatus": "read",
      "starred": "unstarred",
      "importantTag": "not important",
      "content": "AngularJS Routers",
      "time": "Aug 29",
      "deletedStatus": "not deleted"
    },
    {
      "id": "3",
      "to": "Slesha",
      "from": "Kiran",
      "subject": "AngularTemplate",
      "readStatus": "Unread",
      "starred": "unstarred",
      "importantTag": "important",
      "content": "Angularjs Template Creation",
      "time": "Aug 28",
      "deletedStatus": "deleted"
    },
    {
      "id": "4",
      "to": "Chiru",
      "from": "Kiran",
      "subject": "AngularJS Session",
      "readStatus": "read",
      "starred": "unstarred",
      "importantTag": "important",
      "content": "Angularjs Directives",
      "time": "Aug 27",
      "deletedStatus": "not deleted"
    },
    {
      "id": "5",
      "to": "Nani",
      "from": "Kiran",
      "subject": "AngularJS Services",
      "readStatus": "read",
      "starred": "starred",
      "importantTag": "important",
      "content": "AngularJS services class",
      "time": "Aug 26",
      "deletedStatus": "deleted"
    },
    {
      "id": "6",
      "to": "Pavan",
      "from": "Kiran",
      "subject": "AngularAssign",
      "readStatus": "unread",
      "starred": "starred",
      "importantTag": "important",
      "content": "AngularJS Class",
      "time": "Aug 30",
      "deletedStatus": "not deleted"
    },
    {
      "id": "7",
      "to": "Madhu",
      "from": "Kiran",
      "subject": "AngularProject",
      "readStatus": "read",
      "starred": "unstarred",
      "importantTag": "not important",
      "content": "AngularJS Routers",
      "time": "Aug 29",
      "deletedStatus": "not deleted"
    },
    {
      "id": "8",
      "to": "Slesha",
      "from": "Kiran",
      "subject": "AngularTemplate",
      "readStatus": "Unread",
      "starred": "unstarred",
      "importantTag": "important",
      "content": "Angularjs Template Creation",
      "time": "Aug 28",
      "deletedStatus": "deleted"
    },
    {
      "id": "9",
      "to": "Chiru",
      "from": "Kiran",
      "subject": "AngularJS Session",
      "readStatus": "read",
      "starred": "unstarred",
      "importantTag": "important",
      "content": "Angularjs Directives",
      "time": "Aug 27",
      "deletedStatus": "not deleted"
    },
    {
      "id": "10",
      "to": "Nani",
      "from": "Kiran",
      "subject": "AngularJS Services",
      "readStatus": "read",
      "starred": "starred",
      "importantTag": "important",
      "content": "AngularJS services class",
      "time": "Aug 26",
      "deletedStatus": "deleted"
    },
    {
      "id": "11",
      "to": "Pavan",
      "from": "Kiran",
      "subject": "AngularAssign",
      "readStatus": "unread",
      "starred": "starred",
      "importantTag": "important",
      "content": "AngularJS Class",
      "time": "Aug 30",
      "deletedStatus": "not deleted"
    },
    {
      "id": "12",
      "to": "Madhu",
      "from": "Kiran",
      "subject": "AngularProject",
      "readStatus": "read",
      "starred": "unstarred",
      "importantTag": "not important",
      "content": "AngularJS Routers",
      "time": "Aug 29",
      "deletedStatus": "not deleted"
    },
    {
      "id": "13",
      "to": "Slesha",
      "from": "Kiran",
      "subject": "AngularTemplate",
      "readStatus": "Unread",
      "starred": "unstarred",
      "importantTag": "important",
      "content": "Angularjs Template Creation",
      "time": "Aug 28",
      "deletedStatus": "deleted"
    },
    {
      "id": "14",
      "to": "Chiru",
      "from": "Kiran",
      "subject": "AngularJS Session",
      "readStatus": "read",
      "starred": "unstarred",
      "importantTag": "important",
      "content": "Angularjs Directives",
      "time": "Aug 27",
      "deletedStatus": "not deleted"
    },
    {
      "id": "15",
      "to": "Nani",
      "from": "Kiran",
      "subject": "AngularJS Services",
      "readStatus": "read",
      "starred": "starred",
      "importantTag": "important",
      "content": "AngularJS services class",
      "time": "Aug 26",
      "deletedStatus": "deleted"
    },
    {
      "id": "16",
      "to": "Pavan",
      "from": "Kiran",
      "subject": "AngularAssign",
      "readStatus": "unread",
      "starred": "starred",
      "importantTag": "important",
      "content": "AngularJS Class",
      "time": "Aug 30",
      "deletedStatus": "not deleted"
    },
    {
      "id": "17",
      "to": "Madhu",
      "from": "Kiran",
      "subject": "AngularProject",
      "readStatus": "read",
      "starred": "unstarred",
      "importantTag": "not important",
      "content": "AngularJS Routers",
      "time": "Aug 29",
      "deletedStatus": "not deleted"
    },
    {
      "id": "18",
      "to": "Slesha",
      "from": "Kiran",
      "subject": "AngularTemplate",
      "readStatus": "Unread",
      "starred": "unstarred",
      "importantTag": "important",
      "content": "Angularjs Template Creation",
      "time": "Aug 28",
      "deletedStatus": "deleted"
    },
    {
      "id": "19",
      "to": "Chiru",
      "from": "Kiran",
      "subject": "AngularJS Session",
      "readStatus": "read",
      "starred": "unstarred",
      "importantTag": "important",
      "content": "Angularjs Directives",
      "time": "Aug 27",
      "deletedStatus": "not deleted"
    },
    {
      "id": "20",
      "to": "Nani",
      "from": "Kiran",
      "subject": "AngularJS Services",
      "readStatus": "read",
      "starred": "starred",
      "importantTag": "important",
      "content": "AngularJS services class",
      "time": "Aug 26",
      "deletedStatus": "deleted"
    },
    {
      "id": "21",
      "to": "Pavan",
      "from": "Kiran",
      "subject": "AngularAssign",
      "readStatus": "unread",
      "starred": "starred",
      "importantTag": "important",
      "content": "AngularJS Class",
      "time": "Aug 30",
      "deletedStatus": "not deleted"
    },
    {
      "id": "22",
      "to": "Madhu",
      "from": "Kiran",
      "subject": "AngularProject",
      "readStatus": "read",
      "starred": "unstarred",
      "importantTag": "not important",
      "content": "AngularJS Routers",
      "time": "Aug 29",
      "deletedStatus": "not deleted"
    },
    {
      "id": "23",
      "to": "Slesha",
      "from": "Kiran",
      "subject": "AngularTemplate",
      "readStatus": "Unread",
      "starred": "unstarred",
      "importantTag": "important",
      "content": "Angularjs Template Creation",
      "time": "Aug 28",
      "deletedStatus": "deleted"
    },
    {
      "id": "24",
      "to": "Chiru",
      "from": "Kiran",
      "subject": "AngularJS Session",
      "readStatus": "read",
      "starred": "unstarred",
      "importantTag": "important",
      "content": "Angularjs Directives",
      "time": "Aug 27",
      "deletedStatus": "not deleted"
    },
    {
      "id": "25",
      "to": "Nani",
      "from": "Kiran",
      "subject": "AngularJS Services",
      "readStatus": "read",
      "starred": "starred",
      "importantTag": "important",
      "content": "AngularJS services class",
      "time": "Aug 26",
      "deletedStatus": "deleted"
    },
    {
      "id": "26",
      "to": "Pavan",
      "from": "Kiran",
      "subject": "AngularAssign",
      "readStatus": "unread",
      "starred": "starred",
      "importantTag": "important",
      "content": "AngularJS Class",
      "time": "Aug 30",
      "deletedStatus": "not deleted"
    },
    {
      "id": "27",
      "to": "Madhu",
      "from": "Kiran",
      "subject": "AngularProject",
      "readStatus": "read",
      "starred": "unstarred",
      "importantTag": "not important",
      "content": "AngularJS Routers",
      "time": "Aug 29",
      "deletedStatus": "not deleted"
    },
    {
      "id": "28",
      "to": "Slesha",
      "from": "Kiran",
      "subject": "AngularTemplate",
      "readStatus": "Unread",
      "starred": "unstarred",
      "importantTag": "important",
      "content": "Angularjs Template Creation",
      "time": "Aug 28",
      "deletedStatus": "deleted"
    },
    {
      "id": "29",
      "to": "Chiru",
      "from": "Kiran",
      "subject": "AngularJS Session",
      "readStatus": "read",
      "starred": "unstarred",
      "importantTag": "important",
      "content": "Angularjs Directives",
      "time": "Aug 27",
      "deletedStatus": "not deleted"
    },
    {
      "id": "30",
      "to": "Nani",
      "from": "Kiran",
      "subject": "AngularJS Services",
      "readStatus": "read",
      "starred": "starred",
      "importantTag": "important",
      "content": "AngularJS services class",
      "time": "Aug 26",
      "deletedStatus": "deleted"
    },
    {
      "id": "31",
      "to": "Pavan",
      "from": "Kiran",
      "subject": "AngularAssign",
      "readStatus": "unread",
      "starred": "starred",
      "importantTag": "important",
      "content": "AngularJS Class",
      "time": "Aug 30",
      "deletedStatus": "not deleted"
    },
    {
      "id": "32",
      "to": "Madhu",
      "from": "Kiran",
      "subject": "AngularProject",
      "readStatus": "read",
      "starred": "unstarred",
      "importantTag": "not important",
      "content": "AngularJS Routers",
      "time": "Aug 29",
      "deletedStatus": "not deleted"
    },
    {
      "id": "33",
      "to": "Slesha",
      "from": "Kiran",
      "subject": "AngularTemplate",
      "readStatus": "Unread",
      "starred": "unstarred",
      "importantTag": "important",
      "content": "Angularjs Template Creation",
      "time": "Aug 28",
      "deletedStatus": "deleted"
    },
    {
      "id": "34",
      "to": "Chiru",
      "from": "Kiran",
      "subject": "AngularJS Session",
      "readStatus": "read",
      "starred": "unstarred",
      "importantTag": "important",
      "content": "Angularjs Directives",
      "time": "Aug 27",
      "deletedStatus": "not deleted"
    },
    {
      "id": "35",
      "to": "Nani",
      "from": "Kiran",
      "subject": "AngularJS Services",
      "readStatus": "read",
      "starred": "starred",
      "importantTag": "important",
      "content": "AngularJS services class",
      "time": "Aug 26",
      "deletedStatus": "deleted"
    },
    {
      "id": "36",
      "to": "Pavan",
      "from": "Kiran",
      "subject": "AngularAssign",
      "readStatus": "unread",
      "starred": "starred",
      "importantTag": "important",
      "content": "AngularJS Class",
      "time": "Aug 30",
      "deletedStatus": "not deleted"
    },
    {
      "id": "37",
      "to": "Madhu",
      "from": "Kiran",
      "subject": "AngularProject",
      "readStatus": "read",
      "starred": "unstarred",
      "importantTag": "not important",
      "content": "AngularJS Routers",
      "time": "Aug 29",
      "deletedStatus": "not deleted"
    },
    {
      "id": "38",
      "to": "Slesha",
      "from": "Kiran",
      "subject": "AngularTemplate",
      "readStatus": "Unread",
      "starred": "unstarred",
      "importantTag": "important",
      "content": "Angularjs Template Creation",
      "time": "Aug 28",
      "deletedStatus": "deleted"
    },
    {
      "id": "39",
      "to": "Chiru",
      "from": "Kiran",
      "subject": "AngularJS Session",
      "readStatus": "read",
      "starred": "unstarred",
      "importantTag": "important",
      "content": "Angularjs Directives",
      "time": "Aug 27",
      "deletedStatus": "not deleted"
    },
    {
      "id": "40",
      "to": "Nani",
      "from": "Kiran",
      "subject": "AngularJS Services",
      "readStatus": "read",
      "starred": "starred",
      "importantTag": "important",
      "content": "AngularJS services class",
      "time": "Aug 26",
      "deletedStatus": "deleted"
    },
    {
      "id": "41",
      "to": "Pavan",
      "from": "Kiran",
      "subject": "AngularAssign",
      "readStatus": "unread",
      "starred": "starred",
      "importantTag": "important",
      "content": "AngularJS Class",
      "time": "Aug 30",
      "deletedStatus": "not deleted"
    },
    {
      "id": "42",
      "to": "Madhu",
      "from": "Kiran",
      "subject": "AngularProject",
      "readStatus": "read",
      "starred": "unstarred",
      "importantTag": "not important",
      "content": "AngularJS Routers",
      "time": "Aug 29",
      "deletedStatus": "not deleted"
    },
    {
      "id": "43",
      "to": "Slesha",
      "from": "Kiran",
      "subject": "AngularTemplate",
      "readStatus": "Unread",
      "starred": "unstarred",
      "importantTag": "important",
      "content": "Angularjs Template Creation",
      "time": "Aug 28",
      "deletedStatus": "deleted"
    },
    {
      "id": "44",
      "to": "Chiru",
      "from": "Kiran",
      "subject": "AngularJS Session",
      "readStatus": "read",
      "starred": "unstarred",
      "importantTag": "important",
      "content": "Angularjs Directives",
      "time": "Aug 27",
      "deletedStatus": "not deleted"
    },
    {
      "id": "45",
      "to": "Nani",
      "from": "Kiran",
      "subject": "AngularJS Services",
      "readStatus": "read",
      "starred": "starred",
      "importantTag": "important",
      "content": "AngularJS services class",
      "time": "Aug 26",
      "deletedStatus": "deleted"
    },
    {
      "id": "46",
      "to": "Pavan",
      "from": "Kiran",
      "subject": "AngularAssign",
      "readStatus": "unread",
      "starred": "starred",
      "importantTag": "important",
      "content": "AngularJS Class",
      "time": "Aug 30",
      "deletedStatus": "not deleted"
    },
    {
      "id": "47",
      "to": "Madhu",
      "from": "Kiran",
      "subject": "AngularProject",
      "readStatus": "read",
      "starred": "unstarred",
      "importantTag": "not important",
      "content": "AngularJS Routers",
      "time": "Aug 29",
      "deletedStatus": "not deleted"
    },
    {
      "id": "48",
      "to": "Slesha",
      "from": "Kiran",
      "subject": "AngularTemplate",
      "readStatus": "Unread",
      "starred": "unstarred",
      "importantTag": "important",
      "content": "Angularjs Template Creation",
      "time": "Aug 28",
      "deletedStatus": "deleted"
    },
    {
      "id": "49",
      "to": "Chiru",
      "from": "Kiran",
      "subject": "AngularJS Session",
      "readStatus": "read",
      "starred": "unstarred",
      "importantTag": "important",
      "content": "Angularjs Directives",
      "time": "Aug 27",
      "deletedStatus": "not deleted"
    },
    {
      "id": "50",
      "to": "Nani",
      "from": "Kiran",
      "subject": "AngularJS Services",
      "readStatus": "read",
      "starred": "starred",
      "importantTag": "important",
      "content": "AngularJS services class",
      "time": "Aug 26",
      "deletedStatus": "deleted"
    },
    {
      "id": "51",
      "to": "Pavan",
      "from": "Kiran",
      "subject": "AngularAssign",
      "readStatus": "unread",
      "starred": "starred",
      "importantTag": "important",
      "content": "AngularJS Class",
      "time": "Aug 30",
      "deletedStatus": "not deleted"
    },
    {
      "id": "52",
      "to": "Madhu",
      "from": "Kiran",
      "subject": "AngularProject",
      "readStatus": "read",
      "starred": "unstarred",
      "importantTag": "not important",
      "content": "AngularJS Routers",
      "time": "Aug 29",
      "deletedStatus": "not deleted"
    },
    {
      "id": "53",
      "to": "Slesha",
      "from": "Kiran",
      "subject": "AngularTemplate",
      "readStatus": "Unread",
      "starred": "unstarred",
      "importantTag": "important",
      "content": "Angularjs Template Creation",
      "time": "Aug 28",
      "deletedStatus": "deleted"
    },
    {
      "id": "54",
      "to": "Chiru",
      "from": "Kiran",
      "subject": "AngularJS Session",
      "readStatus": "read",
      "starred": "unstarred",
      "importantTag": "important",
      "content": "Angularjs Directives",
      "time": "Aug 27",
      "deletedStatus": "not deleted"
    },
    {
      "id": "55",
      "to": "Nani",
      "from": "Kiran",
      "subject": "AngularJS Services",
      "readStatus": "read",
      "starred": "starred",
      "importantTag": "important",
      "content": "AngularJS services class",
      "time": "Aug 26",
      "deletedStatus": "deleted"
    },
    {
      "id": "56",
      "to": "Pavan",
      "from": "Kiran",
      "subject": "AngularAssign",
      "readStatus": "unread",
      "starred": "starred",
      "importantTag": "important",
      "content": "AngularJS Class",
      "time": "Aug 30",
      "deletedStatus": "not deleted"
    },
    {
      "id": "57",
      "to": "Madhu",
      "from": "Kiran",
      "subject": "AngularProject",
      "readStatus": "read",
      "starred": "unstarred",
      "importantTag": "not important",
      "content": "AngularJS Routers",
      "time": "Aug 29",
      "deletedStatus": "not deleted"
    },
    {
      "id": "58",
      "to": "Kiran",
      "from": "Slesha",
      "subject": "AngularTemplate",
      "readStatus": "Unread",
      "starred": "unstarred",
      "importantTag": "important",
      "content": "Angularjs Template Creation",
      "time": "Aug 28",
      "deletedStatus": "deleted"
    },
    {
      "id": "59",
      "to": "Kiran",
      "from": "Chiru",
      "subject": "AngularJS Session",
      "readStatus": "read",
      "starred": "unstarred",
      "importantTag": "important",
      "content": "Angularjs Directives",
      "time": "Aug 27",
      "deletedStatus": "not deleted"
    },
    {
      "id": "60",
      "to": "Nani",
      "from": "Kiran",
      "subject": "AngularJS Services",
      "readStatus": "read",
      "starred": "starred",
      "importantTag": "important",
      "content": "AngularJS services class",
      "time": "Aug 26",
      "deletedStatus": "deleted"
    }
  ]
}